{
    "rmse": 1662186.4896127272,
    "mae": 177470.49750370672,
    "r2": 0.964821808939107
}