{
    "rmse": 1283213.8032893145,
    "mae": 209453.98169369105,
    "r2": 0.9732160983254343
}