{
    "rmse": 8303222.093382441,
    "mae": 920539.9566859977,
    "r2": 0.010310492069456556
}