{
    "rmse": 9910702.441966886,
    "mae": 948517.7659637971,
    "r2": 0.007927747620158243
}